id,guest,created_at,cover,account
editorial:9d180f1a-c75c-4220-b0fa-1374f4af1b2e,Orlando Mann,2024-05-03T15:38:58.287Z,https://via.placeholder.com/128x128/abfa03/430a9d.gif?text=ubi%20virtus%20custodia,user:e92e9cde-cb89-4600-aed1-fcd96d00e370
editorial:054b09e2-72a4-478e-8007-f4d8e96c3467,Stewart Koss,2024-07-31T08:08:22.462Z,https://via.placeholder.com/128x128/4da56a/1ecaac.jpg?text=tristis%20carus%20volaticus,user:7a4a022a-c2c6-4da3-94c9-399e1c8ae655
editorial:09dc829d-39ac-469b-b780-af4d4b992876,Freddie Shanahan,2024-01-30T14:20:18.114Z,https://via.placeholder.com/128x128/adbdce/04ce6f.webp?text=varietas%20deduco%20casso,user:790fcf85-9418-4619-8e3b-a924851a477c
editorial:de4e393d-56fa-4780-b707-2db4bdebcdae,Sidney Kohler,2024-01-26T15:28:20.991Z,https://via.placeholder.com/128x128/3c1dd2/5ce2ff.gif?text=decumbo%20tamdiu%20trans,user:5f180356-9017-4066-9301-ed55bfad0a01
editorial:cf1843af-e9c8-4030-b6ac-cc01c99e130a,Alyssa Dooley,2024-06-17T05:14:51.653Z,https://via.placeholder.com/128x128/c5bfbd/cd90fc.png?text=virga%20provident%20sint,user:74c609cb-a157-48e5-b9b4-13223f874ac6
editorial:99e5359d-57d0-4d62-9b88-273218fea3a6,Cesar Becker,2023-12-28T15:18:55.194Z,https://via.placeholder.com/128x128/feb0d7/2adcb1.jpg?text=benevolentia%20tamquam%20sophismata,user:7bf85548-7ba3-4ce3-a953-527217ae455d
editorial:e001d3eb-1715-4556-bf3e-1ab2e543c302,Chester Runolfsson-Stracke,2024-03-05T14:48:48.795Z,https://via.placeholder.com/128x128/42ef5f/734819.jpg?text=tantum%20vetus%20alias,user:88e8edeb-11de-4bf6-806e-13a74642672a
editorial:8e578992-08ea-409e-9e76-283f6463b3e8,Mabel O'Reilly,2024-02-29T21:31:44.573Z,https://via.placeholder.com/128x128/bf1abf/e9ddb4.jpeg?text=sublime%20audax%20stillicidium,user:a11347bb-d8fd-4985-8324-b90849837bc9
editorial:0f2a1c3a-d95a-4cec-bc4b-fe4deb935fe0,Irma Harber I,2024-08-04T21:51:15.412Z,https://via.placeholder.com/128x128/ee92a6/003e2f.png?text=demitto%20civis%20vehemens,user:99677da3-dd44-4ebc-8bed-fdf1d243334d
editorial:01654750-2d9c-48da-af57-ecf0afcbfb0a,Maureen Swift,2024-07-11T11:51:11.949Z,https://via.placeholder.com/128x128/200c8c/fe28ac.webp?text=suggero%20via%20reprehenderit,user:7d4ae08d-f634-424f-94bc-0026400962c2
editorial:a8ea0736-4aef-46f6-b4f1-d4a51473f2cd,Johnathan Stanton,2023-11-05T09:51:40.711Z,https://via.placeholder.com/128x128/83bfe6/1f8d41.png?text=aetas%20agnosco%20concedo,user:cf673f1a-c723-41e3-a9bf-7968b95728fe
editorial:7e3292d6-bc73-4695-b4c5-b58ee0a8d6a1,Lora Green,2023-10-01T05:15:39.054Z,https://via.placeholder.com/128x128/c3c68d/1ea7cb.webp?text=defendo%20fugiat%20solio,user:9815201b-ea82-477e-9fd6-fbc11fbf8fae
editorial:62f68324-b7f5-45a4-96c7-a1e94839307a,Leah Streich,2024-02-27T18:19:10.504Z,https://via.placeholder.com/128x128/e331f4/030c44.jpeg?text=audio%20arcus%20timidus,user:6071522d-c31f-478a-b938-8439a34c3569
editorial:e86c8064-8510-46cb-96b4-cd3869520860,Bryant Kerluke,2023-12-24T15:44:22.629Z,https://via.placeholder.com/128x128/788f9f/beecf5.webp?text=avarus%20aeger%20tot,user:3550c9d0-47c3-42f5-b294-da35064e074b
editorial:8ab71e1d-e93e-4822-9b57-51457a7a3e0f,Orlando Mitchell I,2024-03-08T02:43:00.706Z,https://via.placeholder.com/128x128/1bd89b/0fdc6d.jpeg?text=tempora%20circumvenio%20vorax,user:9de2486e-e03e-48dc-bb7c-bada05a12312
editorial:0f4b1a94-694f-4a29-8367-59ca94210317,Gerardo Christiansen,2024-04-02T19:58:06.020Z,https://via.placeholder.com/128x128/c8df6c/bf287b.png?text=decimus%20rem%20censura,user:9de2486e-e03e-48dc-bb7c-bada05a12312
editorial:ec7629cf-ba02-4492-98d1-b9ec172ba830,Dwight Padberg,2024-04-06T16:08:56.210Z,https://via.placeholder.com/128x128/a0febf/db7c6d.jpg?text=conduco%20ante%20terra,user:f5ee87ca-a581-440d-8b75-e8f180b30961
editorial:1e436729-0e48-455d-b7de-561ee0f1dd59,Constance Homenick,2024-07-06T20:09:17.857Z,https://via.placeholder.com/128x128/fff888/e5cb48.jpg?text=timidus%20ter%20volo,user:1c0e1a49-3242-4037-9719-d53346973499
editorial:e5b8acf2-e162-459b-bdd9-48e9621b33b9,Diane Jerde,2023-11-15T17:42:46.716Z,https://via.placeholder.com/128x128/d1c87f/4d28b0.jpg?text=vulgo%20desparatus%20territo,user:80c22a95-9bb5-4585-9b9c-7a01ca412569
editorial:4bc544f9-4661-45f3-8d50-0a7c78ef4451,Sheldon Steuber,2023-11-26T14:39:11.217Z,https://via.placeholder.com/128x128/da9295/8a0cb1.webp?text=vehemens%20turba%20tunc,user:e6d7e5db-bf74-426c-a7ea-93db6cdd8c8e
